{
  "name": "Shapeshift",
  "title": "jQuery Shapeshift",
  "description": "jQuery plugin which can arrange a collection of elements into a grid while also providing drag and drop functionality.",
  "keywords": [
    "grid",
    "drag",
    "drop",
    "arrange",
    "organize",
    "animation"
  ],
  "version": "2.0.0",
  "author": {
    "name": "Scott Elwood",
    "url": "http://scottelwood.com"
  },
  "maintainers": [
    {
      "name": "We the Media, inc.",
      "email": "dev@wtmworldwide.com",
      "url": "http://wtmworldwide.com"
    },
    {
      "name": "Scott Elwood",
      "email": "scott@wtmworldwide.com",
      "url": "http://scottelwood.com"
    }
  ],
  "licenses": [
    {
      "type": "MIT",
      "url": "https://github.com/McPants/jquery.shapeshift/blob/master/LICENSE"
    }
  ],
  "bugs": "https://github.com/McPants/jquery.shapeshift/issues",
  "homepage": "https://github.com/McPants/jquery.shapeshift",
  "docs": "https://github.com/McPants/jquery.shapeshift",
  "download": "https://github.com/McPants/jquery.shapeshift",
  "dependencies": {
    "jquery": ">=1.9.0",
    "jquery-ui": ">=1.10.0"
  }
}